CO₂ Volume (L),Max Strength (N/mm²),Δ vs Control
0,17.738500000000002,0.0
20,10.4605,-7.278000000000002
40,16.3375,-1.4010000000000034
60,16.605999999999998,-1.1325000000000038
